Timestamp,User Count,Type,Name,Requests/s,Failures/s,50%,66%,75%,80%,90%,95%,98%,99%,99.9%,99.99%,100%,Total Request Count,Total Failure Count,Total Median Response Time,Total Average Response Time,Total Min Response Time,Total Max Response Time,Total Average Content Size
1777308369,0,,Aggregated,0.000000,0.000000,N/A,N/A,N/A,N/A,N/A,N/A,N/A,N/A,N/A,N/A,N/A,0,0,0,0.0,0,0,0
1777308370,1,,Aggregated,0.000000,0.000000,N/A,N/A,N/A,N/A,N/A,N/A,N/A,N/A,N/A,N/A,N/A,0,0,0,0.0,0,0,0
1777308371,2,,Aggregated,0.000000,0.000000,1900,1900,1900,1900,1900,1900,1900,1900,1900,1900,1900,1,0,1887.1734589338303,1887.1734589338303,1887.1734589338303,1887.1734589338303,334826.0
1777308372,3,,Aggregated,0.000000,0.000000,1900,1900,1900,1900,1900,1900,1900,1900,1900,1900,1900,2,0,1800,1827.0539374789223,1766.9344160240144,1887.1734589338303,167651.0
1777308373,4,,Aggregated,0.000000,0.000000,1900,1900,1900,1900,1900,1900,1900,1900,1900,1900,1900,3,0,1890.2325000381097,1848.1134583319847,1766.9344160240144,1890.2325000381097,223376.0
1777308374,5,,Aggregated,0.666667,0.000000,1900,1900,1900,1900,1900,1900,1900,1900,1900,1900,1900,4,0,1800,1792.6657602656633,1626.3226660666987,1890.2325000381097,167651.0
1777308375,6,,Aggregated,0.666667,0.000000,1900,1900,1900,2700,2700,2700,2700,2700,2700,2700,2700,5,0,1900,1977.8240332147107,1626.3226660666987,2718.4571250109,201086.0
1777308376,7,,Aggregated,0.600000,0.000000,1900,1900,1900,1900,2700,2700,2700,2700,2700,2700,2700,7,0,1900,1920.3349761332252,1626.3226660666987,2718.4571250109,143768.57142857142
1777308377,8,,Aggregated,0.600000,0.000000,1900,1900,1900,1900,2700,2700,2700,2700,2700,2700,2700,8,0,1800,1881.5926146198763,1610.3960840264335,2718.4571250109,125857.125
1777308378,9,,Aggregated,0.833333,0.000000,1900,2500,2700,2700,2700,5100,5100,5100,5100,5100,5100,11,0,1900,2315.342492540367,1610.3960840264335,5144.541542045772,91662.18181818182
1777308379,10,,Aggregated,0.714286,0.000000,1900,2500,2700,2700,5100,5700,5700,5700,5700,5700,5700,13,0,1900,2537.3872340692637,1610.3960840264335,5749.075207975693,77633.53846153847
1777308380,11,,Aggregated,1.000000,0.000000,1900,2100,2700,2700,5100,5700,5700,5700,5700,5700,5700,16,0,1900,2404.5164739945903,1610.3960840264335,5749.075207975693,84063.25
1777308381,12,,Aggregated,1.222222,0.000000,1900,2100,2700,2700,4400,5100,5700,5700,5700,5700,5700,21,0,1900,2473.7490536146133,1610.3960840264335,5749.075207975693,80082.95238095238
1777308382,13,,Aggregated,1.600000,0.000000,1900,2100,2700,2700,4400,5100,5700,5700,5700,5700,5700,22,0,1900,2433.003909134475,1577.3558750515804,5749.075207975693,76464.5
1777308383,14,,Aggregated,2.100000,0.000000,1900,2500,2700,2800,4400,5100,5700,5700,5700,5700,5700,26,0,1900,2439.0659503405914,1547.607250045985,5749.075207975693,64774.0
1777308384,15,,Aggregated,1.900000,0.000000,2000,2500,2700,3300,4900,5100,5700,5700,5700,5700,5700,30,0,1900,2493.511413868206,1547.607250045985,5749.075207975693,67345.93333333333
1777308385,16,,Aggregated,1.900000,0.000000,2000,2700,2800,3300,4400,5100,5700,5700,5700,5700,5700,32,0,2000,2515.9724361910776,1547.607250045985,5749.075207975693,63166.5625
1777308386,17,,Aggregated,2.600000,0.000000,2100,2700,3400,3500,4900,5500,5700,5700,5700,5700,5700,36,0,2000,2656.782965250184,1547.607250045985,5749.075207975693,74775.86111111111
1777308387,18,,Aggregated,2.600000,0.000000,2100,2700,3400,3600,4900,5500,5700,5700,5700,5700,5700,39,0,2100,2695.4849390760783,1547.607250045985,5749.075207975693,69060.48717948717
1777308388,19,,Aggregated,3.000000,0.000000,2100,2800,3400,3600,4600,5100,5700,5700,5700,5700,5700,42,0,2100,2714.000177522567,1547.607250045985,5749.075207975693,72122.28571428571
1777308389,20,,Aggregated,3.000000,0.000000,2300,3300,3600,4200,4800,5100,5700,5700,5700,5700,5700,45,0,2300,2835.458337003365,1547.607250045985,5749.075207975693,74775.84444444445
1777308390,21,,Aggregated,3.000000,0.000000,2500,3400,4000,4200,4800,5100,5700,5700,5700,5700,5700,50,0,2300,2868.9602207834832,1547.607250045985,5749.075207975693,74032.86
1777308391,22,,Aggregated,3.000000,0.000000,2700,3500,4100,4200,4800,5500,5700,6300,6300,6300,6300,52,0,2500,2954.0651113314266,1547.607250045985,6288.916334044188,77633.57692307692
1777308392,23,,Aggregated,3.300000,0.000000,2700,3500,4100,4200,4900,5700,6300,6300,6300,6300,6300,56,0,2500,3001.139182254389,1547.607250045985,6299.110666965134,78092.85714285714
1777308393,24,,Aggregated,3.300000,0.000000,2700,3600,4100,4400,5100,6200,6300,7000,7000,7000,7000,61,0,2700,3109.626148184227,1547.607250045985,6993.06870799046,77211.91803278688
1777308394,25,,Aggregated,3.400000,0.000000,2700,3700,4200,4700,5700,6300,6700,7000,7000,7000,7000,64,0,2700,3209.1058775822603,1547.607250045985,6993.06870799046,73614.9375
1777308395,26,,Aggregated,3.400000,0.000000,2700,3700,4200,4700,5800,6300,7000,7400,7400,7400,7400,67,0,2700,3257.472365032951,1547.607250045985,7400.274584069848,75330.35820895522
1777308396,27,,Aggregated,3.600000,0.000000,3100,3900,4500,4800,5800,6700,7000,7400,7400,7400,7400,72,0,2800,3343.63089637999,1547.607250045985,7400.274584069848,79419.61111111111
1777308397,28,,Aggregated,3.500000,0.000000,3100,3900,4500,4800,6200,6700,7400,8500,8500,8500,8500,75,0,3100,3406.587429967088,1547.607250045985,8457.959375111386,80719.84
1777308398,29,,Aggregated,3.500000,0.000000,3200,4000,4600,4900,6300,7000,7500,8500,8500,8500,8500,80,0,3100,3474.432249457459,1547.607250045985,8457.959375111386,84063.3375
1777308399,30,,Aggregated,3.400000,0.000000,3200,4100,4800,5100,6700,7000,8500,9000,9000,9000,9000,84,0,3200,3615.4976706159123,1547.607250045985,8973.194000078365,80082.98809523809
1777308400,31,,Aggregated,3.400000,0.000000,3200,4100,4700,5000,6700,7000,8500,9000,9000,9000,9000,87,0,3200,3621.0772533320296,1547.607250045985,8973.194000078365,85024.13793103448
1777308401,32,,Aggregated,3.800000,0.000000,3200,4200,4800,5100,6700,7400,9000,9600,9600,9600,9600,91,0,3200,3695.548976614181,1547.607250045985,9575.087041012011,88656.05494505494
1777308402,33,,Aggregated,3.800000,0.000000,3300,4200,4900,5600,6800,7700,9600,9800,9800,9800,9800,97,0,3300,3814.6134101828925,1547.607250045985,9755.59662503656,93542.34020618557
1777308403,34,,Aggregated,3.800000,0.000000,3300,4200,5000,5600,6700,7500,9000,9600,9800,9800,9800,101,0,3300,3824.6280572960372,1547.607250045985,9755.59662503656,89856.54455445544
1777308404,35,,Aggregated,4.200000,0.000000,3300,4400,5100,5700,6900,8500,9800,9800,11000,11000,11000,106,0,3300,3940.6842861208133,1547.607250045985,10863.505083951168,98257.47169811321
1777308405,36,,Aggregated,4.000000,0.000000,3400,4500,5500,5900,7300,9000,9800,11000,12000,12000,12000,112,0,3300,4049.9419158732053,1547.607250045985,11568.31133295782,98989.72321428571
1777308406,37,,Aggregated,4.000000,0.000000,3400,4500,5400,5900,7300,9000,9800,11000,12000,12000,12000,115,0,3400,4054.9136296684005,1547.607250045985,11568.31133295782,99327.17391304347
1777308407,38,,Aggregated,4.100000,0.000000,3300,4500,5300,5800,7300,9000,9800,11000,12000,12000,12000,117,0,3300,4029.665907016064,1547.607250045985,11568.31133295782,97637.41025641025
1777308408,39,,Aggregated,4.300000,0.000000,3600,4700,5600,6000,7700,9400,11000,12000,13000,13000,13000,124,0,3500,4241.667216031572,1547.607250045985,12688.282250077464,102937.99193548386
1777308409,40,,Aggregated,4.400000,0.000000,3600,4800,5700,6200,8100,9800,11000,12000,13000,13000,13000,131,0,3600,4341.95168190618,1547.607250045985,12688.282250077464,102567.49618320611
1777308410,41,,Aggregated,4.400000,0.000000,3600,4900,5800,6300,8500,9800,11000,12000,13000,13000,13000,132,0,3600,4381.18795545994,1547.607250045985,12688.282250077464,101794.08333333333
1777308411,42,,Aggregated,4.600000,0.000000,3700,5100,5900,6400,9000,10000,11000,12000,13000,13000,13000,139,0,3700,4499.402472393406,1547.607250045985,12688.282250077464,103907.93525179857
1777308412,43,,Aggregated,4.600000,0.000000,3800,5100,6000,6700,9300,10000,11000,12000,13000,13000,13000,144,0,3700,4597.2275225325975,1547.607250045985,12688.282250077464,100316.55555555556
1777308413,44,,Aggregated,4.800000,0.000000,3900,5100,6000,6700,9300,10000,11000,12000,13000,13000,13000,148,0,3800,4604.865266295697,1547.607250045985,12688.282250077464,99877.28378378379
1777308414,45,,Aggregated,4.700000,0.000000,4100,5300,6200,6900,9500,11000,11000,12000,13000,13000,13000,155,0,4100,4743.0919077660465,1547.607250045985,12688.282250077464,99702.4
1777308415,46,,Aggregated,4.600000,0.000000,4100,5400,6300,6900,9800,11000,11000,12000,13000,13000,13000,158,0,4100,4809.449822226351,1547.607250045985,12688.282250077464,102050.62658227848
1777308416,47,,Aggregated,4.600000,0.000000,4100,5400,6300,6900,9800,11000,11000,12000,13000,13000,13000,162,0,4100,4847.643730936307,1547.607250045985,12688.282250077464,99542.61111111111
1777308417,48,,Aggregated,4.600000,0.000000,4200,5500,6600,7000,9800,11000,11000,12000,13000,13000,13000,167,0,4200,4928.821364741126,1547.607250045985,12688.282250077464,100580.73053892216
1777308418,49,,Aggregated,4.700000,0.000000,4200,5600,6700,7300,9800,11000,12000,12000,13000,13000,13000,172,0,4200,4988.278932382114,1547.607250045985,12688.282250077464,99614.58720930232
1777308419,50,,Aggregated,4.900000,0.000000,4400,5700,6700,7400,10000,11000,12000,12000,13000,13000,13000,176,0,4200,5091.198139173767,1547.607250045985,12688.282250077464,103060.58522727272
1777308420,51,,Aggregated,4.900000,0.000000,4400,5800,6800,7700,10000,11000,12000,12000,13000,13000,13000,181,0,4400,5179.750489842826,1547.607250045985,12688.282250077464,100226.75690607735
1777308421,52,,Aggregated,4.400000,0.000000,4400,5900,6900,8100,10000,11000,12000,13000,13000,13000,13000,185,0,4400,5257.114835559214,1547.607250045985,12770.505791995674,101684.58378378379
1777308422,53,,Aggregated,4.700000,0.000000,4600,6000,7000,8500,11000,11000,12000,13000,13000,13000,13000,191,0,4600,5363.033456563906,1547.607250045985,13059.399042045698,102006.30890052357
1777308423,54,,Aggregated,4.600000,0.000000,4600,6100,7000,9000,11000,11000,12000,13000,13000,13000,13000,194,0,4600,5402.9341825390875,1547.607250045985,13059.399042045698,100436.24742268042
1777308424,55,,Aggregated,4.600000,0.000000,4800,6200,7400,9200,11000,11000,13000,13000,14000,14000,14000,199,0,4800,5508.839859279697,1547.607250045985,14381.237208959647,99604.82412060302
1777308425,56,,Aggregated,4.600000,0.000000,4900,6200,7400,9300,11000,11000,13000,13000,14000,14000,14000,203,0,4900,5571.522744654063,1547.607250045985,14381.237208959647,99298.57142857143
1777308426,57,,Aggregated,4.700000,0.000000,5000,6300,7700,9400,11000,12000,13000,13000,14000,14000,14000,209,0,5000,5671.451517138475,1547.607250045985,14408.84275001008,99661.07177033492
1777308427,58,,Aggregated,4.500000,0.000000,5100,6300,7700,9400,11000,12000,13000,13000,14000,14000,14000,212,0,5100,5702.883172748975,1547.607250045985,14408.84275001008,99834.6320754717
1777308428,59,,Aggregated,4.600000,0.000000,5100,6500,8000,9600,11000,12000,13000,14000,15000,15000,15000,217,0,5100,5823.832014778389,1547.607250045985,14770.896542002447,100626.82027649769
1777308429,60,,Aggregated,4.500000,0.000000,5300,6500,8100,9600,11000,12000,13000,14000,15000,15000,15000,221,0,5300,5874.328227939687,1547.607250045985,14770.896542002447,100327.02714932126
1777308430,61,,Aggregated,4.500000,0.000000,5400,6700,8300,9800,11000,12000,13000,14000,15000,15000,15000,225,0,5400,5970.229241665349,1547.607250045985,14770.896542002447,100037.89777777778
1777308431,62,,Aggregated,4.700000,0.000000,5500,6700,9000,9800,11000,13000,14000,14000,15000,15000,15000,232,0,5400,6086.75888972658,1547.607250045985,14770.896542002447,101357.36206896552
1777308432,63,,Aggregated,4.600000,0.000000,5600,6700,9000,9800,11000,13000,14000,14000,15000,15000,15000,235,0,5600,6122.363100709156,1547.607250045985,14770.896542002447,101492.28085106383
1777308433,64,,Aggregated,4.600000,0.000000,5600,6900,9300,9800,12000,13000,14000,14000,15000,15000,15000,240,0,5600,6234.457828990223,1547.607250045985,15094.762290944345,100780.87916666667
1777308434,65,,Aggregated,4.500000,0.000000,5700,7000,9400,10000,12000,13000,14000,15000,15000,15000,15000,246,0,5700,6346.137294717553,1547.607250045985,15094.762290944345,101052.70325203252
1777308435,66,,Aggregated,4.700000,0.000000,5700,7200,9400,10000,12000,13000,14000,15000,15000,15000,15000,250,0,5700,6396.437976502348,1547.607250045985,15094.762290944345,100780.872
1777308436,67,,Aggregated,4.400000,0.000000,5800,7300,9400,10000,12000,13000,14000,15000,15000,15000,15000,253,0,5800,6443.46628886769,1547.607250045985,15094.762290944345,102234.56126482213
1777308437,68,,Aggregated,4.600000,0.000000,5800,7500,9600,10000,13000,14000,14000,15000,15000,15000,15000,260,0,5800,6530.15399695589,1547.607250045985,15094.762290944345,103352.78461538462
1777308438,69,,Aggregated,4.400000,0.000000,5800,7500,9600,10000,13000,14000,14000,15000,16000,16000,16000,262,0,5800,6565.124444020575,1547.607250045985,16482.86104190629,102567.46183206108
1777308439,70,,Aggregated,4.700000,0.000000,5800,7700,9700,11000,13000,14000,15000,15000,16000,16000,16000,268,0,5800,6670.118489583742,1547.607250045985,16482.86104190629,104024.54104477612
1777308440,71,,Aggregated,4.500000,0.000000,5900,7800,9800,11000,13000,14000,15000,16000,17000,17000,17000,272,0,5800,6764.417755667477,1547.607250045985,16586.241416982375,102501.76838235294
1777308441,72,,Aggregated,4.700000,0.000000,5900,7900,9800,11000,13000,14000,15000,17000,17000,17000,17000,278,0,5900,6881.3229081205845,1547.607250045985,16929.83700009063,103907.87050359712
1777308442,73,,Aggregated,4.600000,0.000000,5900,8000,9900,11000,13000,14000,16000,17000,17000,17000,17000,283,0,5900,6947.060465249117,1547.607250045985,16929.83700009063,103261.90812720849
1777308443,74,,Aggregated,4.600000,0.000000,6000,8100,9900,11000,13000,14000,16000,17000,17000,17000,17000,285,0,6000,6984.851091078956,1547.607250045985,17177.24766698666,102540.59298245615
1777308444,75,,Aggregated,4.800000,0.000000,6100,8100,10000,11000,13000,15000,17000,17000,18000,18000,18000,292,0,6000,7101.371497005521,1547.607250045985,17744.806749979034,105819.0102739726
1777308445,76,,Aggregated,4.800000,0.000000,6200,8500,10000,11000,14000,15000,17000,17000,18000,18000,18000,296,0,6100,7226.058693410753,1547.607250045985,18262.64883298427,104395.46283783784
1777308446,77,,Aggregated,4.700000,0.000000,6200,8700,11000,11000,14000,15000,17000,18000,18000,18000,18000,300,0,6200,7280.889984724733,1547.607250045985,18349.557499983348,105238.86333333333
1777308447,78,,Aggregated,4.700000,0.000000,6300,9000,11000,11000,14000,16000,17000,18000,18000,18000,18000,305,0,6300,7380.164596588794,1547.607250045985,18371.497875079513,106810.12459016393
1777308448,79,,Aggregated,4.500000,0.000000,6300,9000,11000,12000,14000,16000,17000,18000,18000,18000,18000,310,0,6300,7478.827271373161,1547.607250045985,18371.497875079513,106173.59677419355
1777308449,80,,Aggregated,4.700000,0.000000,6400,9200,11000,12000,14000,16000,18000,18000,18000,18000,18000,314,0,6300,7560.982158839863,1547.607250045985,18371.497875079513,104827.1178343949
1777308450,81,,Aggregated,4.700000,0.000000,6500,9300,11000,12000,14000,16000,18000,18000,18000,18000,18000,319,0,6500,7661.057359193741,1547.607250045985,18371.497875079513,104239.63009404388
1777308451,82,,Aggregated,4.600000,0.000000,6600,9300,11000,12000,14000,16000,18000,18000,18000,18000,18000,324,0,6500,7718.503517746195,1547.607250045985,18371.497875079513,103670.28086419753
1777308452,83,,Aggregated,4.600000,0.000000,6700,9500,11000,12000,15000,17000,18000,18000,18000,18000,18000,329,0,6700,7835.036542044746,1547.607250045985,18371.497875079513,102101.98480243162
1777308453,84,,Aggregated,4.700000,0.000000,6700,9500,11000,12000,15000,17000,18000,18000,19000,19000,19000,331,0,6700,7868.53843781495,1547.607250045985,18912.640291964635,102498.04833836858
1777308454,85,,Aggregated,4.600000,0.000000,6700,9600,11000,13000,15000,17000,18000,18000,19000,19000,19000,339,0,6700,8007.825202191493,1547.607250045985,18912.640291964635,103049.30088495575
1777308455,86,,Aggregated,4.500000,0.000000,6800,9600,11000,13000,16000,18000,18000,18000,19000,19000,19000,343,0,6800,8090.961920797659,1547.607250045985,18912.640291964635,102827.90087463557
1777308456,87,,Aggregated,4.700000,0.000000,6900,9600,11000,13000,16000,18000,18000,18000,21000,21000,21000,346,0,6900,8130.050124276182,1547.607250045985,20912.310000043362,102906.78901734104
1777308457,88,,Aggregated,4.400000,0.000000,7000,9800,12000,13000,16000,18000,18000,18000,21000,21000,21000,353,0,7000,8244.193219313287,1547.607250045985,20912.310000043362,102769.9178470255
1777308458,89,,Aggregated,4.700000,0.000000,7300,9800,12000,13000,16000,18000,18000,19000,21000,21000,21000,356,0,7200,8333.19737746222,1547.607250045985,20912.310000043362,103786.26404494382
1777308459,90,,Aggregated,4.400000,0.000000,7400,9800,12000,13000,16000,18000,18000,19000,21000,21000,21000,361,0,7400,8425.308228192729,1547.607250045985,20912.310000043362,103281.54016620498
1777308460,91,,Aggregated,4.600000,0.000000,7500,9800,12000,14000,16000,18000,18000,19000,21000,21000,21000,365,0,7500,8486.693631744407,1547.607250045985,20912.310000043362,103070.92602739726
1777308461,92,,Aggregated,4.700000,0.000000,7600,10000,12000,14000,17000,18000,19000,19000,21000,21000,21000,370,0,7500,8574.042872644999,1547.607250045985,20912.310000043362,102588.15675675675
1777308462,93,,Aggregated,4.700000,0.000000,7800,10000,13000,14000,17000,18000,19000,20000,22000,22000,22000,376,0,7700,8719.829697703739,1547.607250045985,21513.67658295203,102737.17021276595
1777308463,94,,Aggregated,4.500000,0.000000,7800,10000,13000,14000,17000,18000,19000,20000,22000,22000,22000,380,0,7800,8747.53030538314,1547.607250045985,21513.67658295203,101660.73684210527
1777308464,95,,Aggregated,4.500000,0.000000,7800,10000,13000,14000,17000,18000,19000,21000,22000,22000,22000,383,0,7800,8835.492604341012,1547.607250045985,21576.49070804473,101741.14360313315
1777308465,96,,Aggregated,4.800000,0.000000,7900,10000,13000,14000,18000,18000,20000,21000,22000,22000,22000,389,0,7900,8925.02851458027,1547.607250045985,21576.49070804473,103617.25192802056
1777308466,97,,Aggregated,4.600000,0.000000,8000,11000,13000,14000,18000,19000,20000,21000,22000,22000,22000,394,0,8000,9038.588210885107,1547.607250045985,21576.49070804473,104005.54568527918
1777308467,98,,Aggregated,4.500000,0.000000,8100,11000,13000,15000,18000,19000,20000,21000,22000,22000,22000,397,0,8100,9129.26126732925,1547.607250045985,22209.11387493834,103223.20654911839
1777308468,99,,Aggregated,4.900000,0.000000,8100,11000,13000,15000,18000,19000,20000,21000,22000,22000,22000,402,0,8100,9197.644008406953,1547.607250045985,22209.11387493834,104440.40547263682
1777308469,100,,Aggregated,4.600000,0.000000,8100,11000,13000,15000,18000,19000,20000,21000,22000,22000,22000,404,0,8100,9228.127655125105,1547.607250045985,22209.11387493834,104753.32920792079
1777308470,101,,Aggregated,4.500000,0.000000,8200,11000,13000,15000,18000,19000,21000,21000,23000,23000,23000,409,0,8200,9311.016013353668,1547.607250045985,22528.86766602751,105930.9902200489
1777308471,102,,Aggregated,4.300000,0.000000,8500,11000,14000,15000,18000,19000,21000,22000,23000,23000,23000,415,0,8500,9428.396385350456,1547.607250045985,22528.86766602751,106017.66506024096
1777308472,103,,Aggregated,4.300000,0.000000,8700,11000,14000,16000,18000,20000,21000,22000,24000,24000,24000,420,0,8600,9545.741198124873,1547.607250045985,23594.10874999594,105557.2880952381
1777308473,104,,Aggregated,4.600000,0.000000,8900,11000,14000,16000,18000,20000,21000,22000,24000,24000,24000,425,0,8900,9630.521327560931,1547.607250045985,23725.596832926385,106681.15764705882
1777308474,105,,Aggregated,4.600000,0.000000,8900,12000,14000,16000,18000,20000,22000,23000,26000,26000,26000,431,0,8900,9785.859062462254,1547.607250045985,25619.35887497384,107529.9211136891
1777308475,106,,Aggregated,4.300000,0.000000,9000,12000,14000,16000,19000,21000,22000,23000,26000,26000,26000,436,0,9000,9882.152485200353,1547.607250045985,25619.35887497384,107069.09174311926
1777308476,107,,Aggregated,4.500000,0.000000,9200,12000,14000,16000,19000,21000,22000,23000,26000,26000,26000,440,0,9100,9936.123032964215,1547.607250045985,25619.35887497384,106859.94545454545
1777308477,108,,Aggregated,4.800000,0.000000,9300,12000,14000,16000,19000,21000,23000,23000,26000,26000,26000,445,0,9300,10042.570982218374,1547.607250045985,25619.35887497384,106415.97303370787
1777308478,109,,Aggregated,4.400000,0.000000,9300,12000,15000,16000,19000,21000,23000,23000,26000,26000,26000,448,0,9300,10101.457691134523,1547.607250045985,25619.35887497384,106452.87053571429
1777308479,110,,Aggregated,4.700000,0.000000,9400,12000,15000,16000,19000,21000,23000,24000,26000,26000,26000,452,0,9400,10188.204621869878,1547.607250045985,25619.35887497384,106994.4424778761
1777308480,111,,Aggregated,4.800000,0.000000,9500,12000,15000,17000,20000,22000,23000,24000,26000,26000,26000,456,0,9400,10287.232418408517,1547.607250045985,25619.35887497384,108992.9649122807
1777308481,112,,Aggregated,4.800000,0.000000,9600,13000,15000,17000,20000,22000,23000,24000,26000,26000,26000,462,0,9600,10396.257906299219,1547.607250045985,25619.35887497384,109754.75757575757
1777308482,113,,Aggregated,4.700000,0.000000,9600,13000,16000,17000,20000,22000,23000,24000,26000,26000,26000,468,0,9600,10498.15152145765,1547.607250045985,25619.35887497384,109782.58974358975
1777308483,114,,Aggregated,4.400000,0.000000,9700,13000,16000,17000,20000,22000,23000,24000,26000,26000,26000,471,0,9700,10575.090914898188,1547.607250045985,25619.35887497384,109796.23779193206
1777308484,115,,Aggregated,4.800000,0.000000,9700,13000,16000,18000,20000,22000,23000,24000,26000,26000,26000,476,0,9700,10668.867528800532,1547.607250045985,25619.35887497384,110052.75
1777308485,116,,Aggregated,4.800000,0.000000,9800,13000,16000,18000,21000,22000,23000,24000,26000,26000,26000,480,0,9700,10750.46425434169,1547.607250045985,25619.35887497384,111229.3
1777308486,117,,Aggregated,4.500000,0.000000,9800,13000,16000,18000,21000,22000,23000,24000,26000,26000,26000,485,0,9800,10836.523110567132,1547.607250045985,25619.35887497384,110776.89484536083
1777308487,118,,Aggregated,4.500000,0.000000,9800,13000,16000,18000,21000,23000,24000,24000,26000,26000,26000,491,0,9800,10952.590009844871,1547.607250045985,25619.35887497384,111471.8981670061
1777308488,119,,Aggregated,4.600000,0.000000,9800,14000,16000,18000,21000,23000,24000,24000,26000,26000,26000,495,0,9800,11043.984698150965,1547.607250045985,25619.35887497384,111250.41616161616
1777308489,120,,Aggregated,4.500000,0.000000,10000,14000,16000,18000,21000,23000,24000,24000,26000,26000,26000,499,0,10000,11110.041887109786,1547.607250045985,25619.35887497384,111702.52104208416
1777308490,120,,Aggregated,4.500000,0.000000,10000,14000,17000,18000,21000,23000,24000,24000,26000,26000,26000,502,0,10000,11179.203624752456,1547.607250045985,25619.35887497384,111703.85657370518
1777308491,120,,Aggregated,4.500000,0.000000,10000,14000,17000,18000,21000,23000,24000,24000,26000,26000,26000,507,0,10000,11262.25883358147,1547.607250045985,25619.35887497384,111925.86785009861
1777308492,120,,Aggregated,4.600000,0.000000,10000,14000,17000,18000,22000,23000,24000,24000,26000,26000,26000,515,0,10000,11408.903247412763,1547.607250045985,25619.35887497384,110843.82912621359
1777308493,120,,Aggregated,4.900000,0.000000,10000,14000,17000,18000,22000,23000,24000,24000,27000,27000,27000,517,0,10000,11458.096100177077,1547.607250045985,27018.540415912867,110416.87234042553
1777308494,120,,Aggregated,4.500000,0.000000,11000,14000,18000,19000,22000,23000,24000,24000,27000,27000,27000,523,0,11000,11552.736081024026,1547.607250045985,27018.540415912867,111073.47609942639
1777308495,120,,Aggregated,4.600000,0.000000,11000,14000,18000,19000,22000,23000,24000,24000,27000,27000,27000,525,0,11000,11587.275198016405,1547.607250045985,27018.540415912867,110652.15047619048
1777308496,120,,Aggregated,4.600000,0.000000,11000,15000,18000,19000,22000,23000,24000,25000,27000,27000,27000,531,0,11000,11692.432361972613,1547.607250045985,27269.23433295451,111296.197740113
1777308497,120,,Aggregated,4.600000,0.000000,11000,15000,18000,19000,22000,23000,24000,26000,27000,27000,27000,539,0,11000,11837.021040581581,1547.607250045985,27269.23433295451,110892.00742115028
1777308498,120,,Aggregated,4.800000,0.000000,11000,15000,18000,19000,22000,23000,24000,26000,27000,27000,27000,540,0,11000,11858.306645367433,1547.607250045985,27269.23433295451,110687.53518518519
1777308499,120,,Aggregated,4.600000,0.000000,11000,15000,18000,20000,22000,24000,24000,27000,28000,28000,28000,547,0,11000,11990.342500300565,1547.607250045985,27726.791374967434,109277.14259597806
1777308500,120,,Aggregated,4.700000,0.000000,11000,15000,18000,20000,22000,24000,25000,27000,28000,28000,28000,552,0,11000,12107.078300796169,1547.607250045985,27813.134500058368,108291.62318840579
1777308501,120,,Aggregated,4.800000,0.000000,11000,15000,18000,20000,23000,24000,25000,27000,28000,28000,28000,555,0,11000,12146.156821019218,1547.607250045985,27813.134500058368,108311.26306306306
1777308502,120,,Aggregated,4.800000,0.000000,11000,16000,18000,20000,23000,24000,26000,27000,29000,29000,29000,562,0,11000,12287.013018529678,1547.607250045985,28644.46795801632,108157.97864768683
1777308503,120,,Aggregated,4.600000,0.000000,11000,16000,18000,20000,23000,24000,26000,27000,29000,29000,29000,565,0,11000,12344.008262457935,1547.607250045985,28644.46795801632,108177.98407079646
1777308504,120,,Aggregated,4.600000,0.000000,11000,16000,19000,20000,23000,24000,26000,28000,29000,29000,29000,571,0,11000,12443.932059976956,1547.607250045985,28644.46795801632,107631.81786339755
1777308505,120,,Aggregated,4.700000,0.000000,11000,16000,19000,21000,23000,24000,27000,28000,30000,30000,30000,575,0,11000,12531.376028330389,1547.607250045985,30461.92675002385,106886.37739130434
1777308506,120,,Aggregated,4.900000,0.000000,12000,16000,19000,21000,23000,24000,27000,28000,30000,30000,30000,579,0,12000,12598.119017556277,1547.607250045985,30461.92675002385,106728.70639032815
1777308507,120,,Aggregated,4.700000,0.000000,12000,16000,19000,21000,23000,24000,27000,29000,30000,30000,30000,585,0,12000,12729.890938603487,1547.607250045985,30461.92675002385,105638.93504273504
1777308508,120,,Aggregated,4.700000,0.000000,12000,16000,19000,21000,23000,24000,27000,29000,30000,30000,30000,587,0,12000,12748.161113214697,1547.607250045985,30461.92675002385,105280.62862010222
1777308509,120,,Aggregated,4.800000,0.000000,12000,17000,19000,21000,23000,24000,28000,29000,30000,30000,30000,594,0,12000,12896.253015219057,1547.607250045985,30461.92675002385,105734.19696969698
1777308510,120,,Aggregated,4.800000,0.000000,12000,17000,20000,21000,23000,25000,28000,29000,30000,30000,30000,599,1,12000,12998.14351043238,1547.607250045985,30461.92675002385,105412.96661101836
1777308511,120,,Aggregated,4.600000,0.000000,12000,17000,20000,21000,23000,25000,28000,29000,30000,30000,30000,603,1,12000,13050.796895933525,1547.607250045985,30461.92675002385,105271.3416252073
1777308512,120,,Aggregated,4.700000,0.000000,12000,17000,20000,21000,23000,25000,28000,29000,30000,30000,30000,606,1,12000,13117.675990714399,1547.607250045985,30461.92675002385,104752.5511551155
1777308513,120,,Aggregated,4.800000,0.100000,13000,17000,20000,21000,24000,26000,29000,30000,30000,30000,30000,614,3,13000,13281.150754881304,1547.607250045985,30461.92675002385,105025.97882736157
1777308514,120,,Aggregated,4.700000,0.100000,13000,17000,20000,21000,24000,26000,29000,30000,30000,30000,30000,616,3,13000,13306.602937698155,1547.607250045985,30461.92675002385,105229.30681818182
1777308515,120,,Aggregated,4.500000,0.100000,13000,18000,20000,22000,24000,26000,29000,30000,30000,30000,30000,621,3,13000,13396.205482818112,1547.607250045985,30461.92675002385,106001.0998389694
1777308516,120,,Aggregated,4.600000,0.300000,13000,18000,20000,22000,24000,26000,29000,30000,30000,30000,30000,627,4,13000,13491.928768135715,1547.607250045985,30461.92675002385,106057.0350877193
1777308517,120,,Aggregated,4.800000,0.300000,13000,18000,20000,22000,24000,27000,29000,30000,30000,30000,30000,630,5,13000,13564.698152704945,1547.607250045985,30461.92675002385,106084.22698412699
1777308518,120,,Aggregated,4.600000,0.400000,13000,18000,21000,22000,24000,27000,29000,30000,30000,30000,30000,636,5,13000,13651.158654604156,1547.607250045985,30461.92675002385,105087.92452830188
1777308519,120,,Aggregated,4.700000,0.400000,13000,18000,21000,22000,24000,27000,29000,30000,30000,30000,30000,641,5,13000,13747.207712549338,1547.607250045985,30461.92675002385,105315.12948517941
1777308520,120,,Aggregated,4.700000,0.500000,13000,18000,21000,22000,24000,27000,29000,30000,30000,30000,30000,645,5,13000,13810.52017234276,1547.607250045985,30461.92675002385,105183.33178294574
1777308521,120,,Aggregated,4.600000,0.500000,14000,18000,21000,22000,24000,27000,30000,30000,30000,30000,30000,650,5,13000,13891.139103901707,1547.607250045985,30461.92675002385,104377.88307692307
1777308522,120,,Aggregated,4.700000,0.500000,14000,18000,21000,22000,24000,28000,30000,30000,30000,30000,30000,654,5,14000,13964.477252282959,1547.607250045985,30461.92675002385,104764.87308868501
1777308523,120,,Aggregated,4.500000,0.400000,14000,18000,21000,22000,24000,28000,30000,30000,30000,30000,30000,660,5,14000,14047.752651377672,1547.607250045985,30461.92675002385,105843.15303030303
1777308524,120,,Aggregated,4.700000,0.400000,14000,18000,21000,22000,24000,28000,30000,30000,30000,30000,30000,663,5,14000,14097.730397235715,1547.607250045985,30461.92675002385,105366.37707390648
1777308525,120,,Aggregated,4.800000,0.400000,14000,19000,21000,23000,24000,28000,30000,30000,31000,31000,31000,668,5,14000,14178.551788034727,1547.607250045985,30611.432165955193,106082.84281437125
1777308526,120,,Aggregated,4.700000,0.200000,14000,19000,21000,23000,24000,28000,30000,30000,31000,31000,31000,672,5,14000,14246.849192134543,1547.607250045985,30611.432165955193,106946.86458333333
1777308527,120,,Aggregated,4.400000,0.200000,14000,19000,21000,23000,25000,28000,30000,30000,31000,31000,31000,677,5,14000,14323.968024910806,1547.607250045985,30611.432165955193,107148.25701624816
1777308528,120,,Aggregated,4.700000,0.100000,14000,19000,22000,23000,25000,28000,30000,30000,31000,31000,31000,683,5,14000,14402.26861821469,1547.607250045985,30611.432165955193,106700.68667642753
1777308529,120,,Aggregated,4.500000,0.100000,14000,19000,22000,23000,25000,28000,30000,30000,31000,31000,31000,684,5,14000,14421.197095015641,1547.607250045985,30611.432165955193,106545.38742690059
1777308530,120,,Aggregated,4.600000,0.000000,14000,19000,22000,23000,26000,29000,30000,30000,31000,31000,31000,690,5,14000,14524.421335915533,1547.607250045985,31023.026500013657,108045.87101449276
1777308531,120,,Aggregated,4.700000,0.000000,14000,19000,22000,23000,26000,29000,30000,30000,31000,31000,31000,697,5,14000,14627.052977628204,1547.607250045985,31023.026500013657,107924.9325681492
1777308532,120,,Aggregated,4.300000,0.000000,15000,19000,22000,23000,26000,29000,30000,30000,31000,31000,31000,700,5,15000,14674.447545996758,1547.607250045985,31023.026500013657,107464.43857142857
1777308533,120,,Aggregated,4.700000,0.000000,15000,19000,22000,23000,27000,29000,30000,30000,31000,31000,31000,706,5,15000,14756.793549501168,1547.607250045985,31023.026500013657,107975.93626062323
1777308534,120,,Aggregated,4.700000,0.000000,15000,20000,22000,23000,27000,29000,30000,30000,31000,31000,31000,710,5,15000,14821.285121523584,1547.607250045985,31023.026500013657,107841.21971830986
1777308535,120,,Aggregated,4.600000,0.000000,15000,20000,22000,23000,27000,29000,30000,30000,31000,31000,31000,716,5,15000,14897.171496614117,1547.607250045985,31023.026500013657,107875.4497206704
1777308536,120,,Aggregated,4.700000,0.000000,15000,20000,22000,23000,27000,29000,30000,30000,31000,31000,31000,721,5,15000,14975.558457109457,1547.607250045985,31023.026500013657,107594.38002773924
1777308537,120,,Aggregated,4.900000,0.000000,15000,20000,22000,23000,27000,29000,30000,30000,31000,31000,31000,725,6,15000,15026.476416080095,1547.607250045985,31023.026500013657,107463.89379310345
1777308538,120,,Aggregated,4.700000,0.000000,15000,20000,22000,23000,27000,29000,30000,30000,31000,31000,31000,729,6,15000,15074.18478582586,1547.607250045985,31023.026500013657,106876.85185185185
1777308539,120,,Aggregated,4.900000,0.000000,15000,20000,22000,23000,27000,29000,30000,30000,31000,31000,31000,733,6,15000,15124.498306264737,1547.607250045985,31023.026500013657,106752.36152796725
1777308540,120,,Aggregated,4.600000,0.100000,16000,20000,23000,23000,27000,29000,30000,30000,31000,31000,31000,738,7,15000,15203.28508388755,1547.607250045985,31023.026500013657,106937.78590785908
1777308541,120,,Aggregated,4.700000,0.100000,16000,20000,23000,23000,28000,29000,30000,30000,31000,31000,31000,745,8,16000,15308.552087127575,1547.607250045985,31023.026500013657,106385.62818791946
1777308542,120,,Aggregated,5.000000,0.200000,16000,20000,23000,23000,28000,29000,30000,30000,31000,31000,31000,749,9,16000,15359.331191526268,1547.607250045985,31023.026500013657,106712.17757009345
1777308543,120,,Aggregated,4.600000,0.200000,16000,20000,23000,23000,28000,29000,30000,30000,31000,31000,31000,753,9,16000,15407.607239035942,1547.607250045985,31023.026500013657,106147.84594953519
1777308544,120,,Aggregated,4.800000,0.300000,16000,20000,23000,23000,28000,29000,30000,30000,31000,31000,31000,758,9,16000,15458.179109326053,1547.607250045985,31023.026500013657,105891.89709762533
1777308545,120,,Aggregated,4.900000,0.400000,16000,21000,23000,23000,28000,29000,30000,30000,31000,31000,31000,763,10,16000,15525.762834799802,1547.607250045985,31023.026500013657,105638.67889908257
1777308546,120,,Aggregated,4.600000,0.400000,16000,21000,23000,23000,28000,29000,30000,30000,31000,31000,31000,767,10,16000,15563.641703545381,1547.607250045985,31023.026500013657,105526.16427640157
1777308547,120,,Aggregated,4.600000,0.400000,16000,21000,23000,24000,28000,29000,30000,30000,31000,31000,31000,769,11,16000,15599.301999829937,1547.607250045985,31023.026500013657,105252.33029908972
1777308548,120,,Aggregated,4.700000,0.500000,16000,21000,23000,24000,28000,29000,30000,30000,31000,31000,31000,773,11,16000,15649.329763197093,1547.607250045985,31023.026500013657,104710.14359637775
1777308549,120,,Aggregated,4.600000,0.600000,16000,21000,23000,24000,28000,29000,30000,30000,31000,31000,31000,777,12,16000,15699.916219261608,1547.607250045985,31023.026500013657,104603.24066924067
1777308550,120,,Aggregated,4.400000,0.500000,16000,21000,23000,24000,28000,29000,30000,30000,31000,31000,31000,779,13,16000,15733.627935268776,1547.607250045985,31023.026500013657,104335.29396662388
1777308551,120,,Aggregated,4.400000,0.600000,16000,21000,23000,24000,28000,29000,30000,30000,31000,31000,31000,784,14,16000,15794.854989201825,1547.607250045985,31023.026500013657,104098.7806122449
1777308552,120,,Aggregated,4.200000,0.500000,16000,21000,23000,24000,28000,29000,30000,30000,31000,31000,31000,788,14,16000,15846.250169565079,1547.607250045985,31023.026500013657,103997.07741116751
1777308553,120,,Aggregated,4.000000,0.600000,16000,21000,23000,24000,28000,29000,30000,30000,31000,31000,31000,794,15,16000,15923.096184290045,1547.607250045985,31023.026500013657,103214.201511335
1777308554,120,,Aggregated,4.000000,0.600000,16000,21000,23000,24000,28000,29000,30000,30000,31000,31000,31000,797,15,16000,15953.592046623935,1547.607250045985,31023.026500013657,103666.50313676285
1777308555,120,,Aggregated,3.900000,0.500000,17000,21000,23000,24000,28000,29000,30000,30000,31000,31000,31000,802,16,16000,16025.119085868168,1547.607250045985,31023.026500013657,103439.47256857855
1777308556,120,,Aggregated,4.000000,0.600000,17000,21000,23000,24000,28000,29000,30000,30000,31000,31000,31000,805,16,17000,16064.894504698495,1547.607250045985,31023.026500013657,103886.44099378883
1777308557,120,,Aggregated,3.900000,0.600000,17000,22000,23000,24000,28000,29000,30000,30000,31000,31000,31000,812,17,17000,16148.215911679015,1547.607250045985,31023.026500013657,103817.90640394088
1777308558,120,,Aggregated,4.000000,0.600000,17000,22000,23000,24000,28000,29000,30000,30000,31000,31000,31000,817,17,17000,16200.868378507332,1547.607250045985,31023.026500013657,104003.94124847002
1777308559,120,,Aggregated,3.800000,0.500000,17000,22000,23000,24000,28000,29000,30000,30000,31000,31000,31000,822,18,17000,16259.880264027093,1547.607250045985,31023.026500013657,103373.62652068127
1777308560,120,,Aggregated,4.200000,0.600000,17000,22000,23000,24000,28000,29000,30000,30000,31000,31000,31000,825,18,17000,16299.52074129853,1547.607250045985,31023.026500013657,103404.72606060606
1777308561,120,,Aggregated,4.300000,0.500000,17000,22000,23000,24000,28000,29000,30000,30000,31000,31000,31000,830,18,17000,16354.394566752313,1547.607250045985,31023.026500013657,103590.3373493976
1777308562,120,,Aggregated,4.500000,0.600000,18000,22000,24000,24000,28000,29000,30000,30000,31000,31000,31000,836,19,17000,16433.134601114172,1547.607250045985,31023.026500013657,103249.65311004785
1777308563,120,,Aggregated,4.700000,0.500000,18000,22000,24000,25000,28000,30000,30000,30000,31000,31000,31000,840,19,18000,16477.00317578259,1547.607250045985,31023.026500013657,102760.25357142858
1777308564,120,,Aggregated,4.400000,0.400000,18000,22000,24000,25000,28000,29000,30000,30000,31000,31000,31000,844,19,18000,16514.996728762315,1547.607250045985,31023.026500013657,102275.49289099526
1777308565,120,,Aggregated,4.900000,0.500000,18000,22000,24000,25000,28000,30000,30000,30000,31000,31000,31000,849,20,18000,16581.8040553986,1547.607250045985,31023.026500013657,102463.03651354535
1777308566,120,,Aggregated,4.600000,0.400000,18000,22000,24000,25000,28000,30000,30000,30000,31000,31000,31000,855,21,18000,16650.32885827434,1547.607250045985,31023.026500013657,102919.93801169591
1777308567,120,,Aggregated,4.800000,0.400000,18000,22000,24000,25000,28000,30000,30000,30000,31000,31000,31000,859,21,18000,16693.357055528923,1547.607250045985,31023.026500013657,102442.89988358556
1777308568,120,,Aggregated,4.600000,0.400000,18000,22000,24000,26000,28000,30000,30000,30000,31000,31000,31000,864,22,18000,16746.48474101909,1547.607250045985,31023.026500013657,102626.2175925926
1777308569,120,,Aggregated,4.900000,0.500000,18000,23000,24000,26000,28000,30000,30000,30000,31000,31000,31000,868,22,18000,16792.000419199772,1547.607250045985,31023.026500013657,102540.67511520737
1777308570,120,,Aggregated,4.700000,0.400000,18000,23000,24000,26000,28000,30000,30000,30000,31000,31000,31000,871,22,18000,16819.051285245183,1547.607250045985,31023.026500013657,102573.00344431688
1777308571,120,,Aggregated,4.700000,0.500000,18000,23000,24000,26000,28000,30000,30000,30000,31000,31000,31000,878,24,18000,16900.735793268228,1547.607250045985,31023.026500013657,102138.73690205012
1777308572,120,,Aggregated,4.600000,0.400000,18000,23000,24000,26000,28000,30000,30000,30000,31000,31000,31000,883,24,18000,16959.115693786538,1547.607250045985,31023.026500013657,102320.37372593432
1777308573,120,,Aggregated,4.700000,0.500000,18000,23000,24000,26000,28000,30000,30000,30000,31000,31000,31000,886,24,18000,16988.653874986026,1547.607250045985,31023.026500013657,101975.52708803612
1777308574,120,,Aggregated,4.800000,0.600000,18000,23000,24000,26000,28000,30000,30000,30000,31000,31000,31000,891,25,18000,17034.937742178106,1547.607250045985,31023.026500013657,101780.66554433221
1777308575,120,,Aggregated,4.500000,0.500000,18000,23000,24000,26000,28000,30000,30000,30000,31000,31000,31000,895,25,18000,17060.01407303197,1547.607250045985,31023.026500013657,102075.05698324023
1777308576,120,,Aggregated,4.600000,0.500000,18000,23000,24000,26000,28000,30000,30000,30000,31000,31000,31000,901,25,18000,17099.827487501167,1547.607250045985,31023.026500013657,102140.64816870145
1777308577,120,,Aggregated,4.700000,0.600000,19000,23000,24000,26000,28000,30000,30000,30000,31000,31000,31000,903,25,19000,17117.09850838478,1547.607250045985,31023.026500013657,101915.47619047618
1777308578,120,,Aggregated,4.600000,0.500000,19000,23000,24000,26000,28000,30000,30000,30000,31000,31000,31000,910,25,19000,17164.61993831038,1547.607250045985,31023.026500013657,101870.0043956044
1777308579,120,,Aggregated,4.700000,0.400000,19000,23000,24000,26000,28000,30000,30000,30000,31000,31000,31000,913,25,19000,17191.790512672942,1547.607250045985,31023.026500013657,101536.83461117196
1777308580,120,,Aggregated,4.400000,0.400000,19000,23000,24000,26000,28000,30000,30000,30000,31000,31000,31000,919,26,19000,17235.0619039122,1547.607250045985,31023.026500013657,102331.7845484222
1777308581,120,,Aggregated,4.600000,0.300000,19000,23000,24000,26000,28000,30000,30000,30000,31000,31000,31000,925,27,19000,17288.107698048912,1547.607250045985,31023.026500013657,102032.04
1777308582,120,,Aggregated,4.600000,0.300000,19000,23000,24000,26000,29000,30000,30000,30000,31000,31000,31000,928,28,19000,17300.13162233645,1547.607250045985,31023.026500013657,102423.80280172414
1777308583,120,,Aggregated,4.600000,0.300000,19000,23000,24000,26000,28000,30000,30000,30000,31000,31000,31000,933,28,19000,17342.937736543532,1547.607250045985,31023.026500013657,102952.53697749197
1777308584,120,,Aggregated,4.700000,0.300000,19000,23000,25000,26000,29000,30000,30000,30000,31000,31000,31000,938,29,19000,17364.540100333707,1547.607250045985,31023.026500013657,103118.67803837953
1777308585,120,,Aggregated,4.600000,0.400000,19000,23000,25000,26000,28000,30000,30000,30000,31000,31000,31000,943,29,19000,17388.41141395856,1547.607250045985,31023.026500013657,103283.56309650053
1777308586,120,,Aggregated,4.700000,0.400000,19000,23000,25000,26000,29000,30000,30000,30000,31000,31000,31000,948,30,19000,17430.205210210024,1547.607250045985,31023.026500013657,103093.51582278482
1777308587,120,,Aggregated,4.600000,0.400000,19000,23000,25000,26000,29000,30000,30000,30000,31000,31000,31000,952,31,19000,17467.434515830017,1547.607250045985,31023.026500013657,102661.84978991597
1777308588,120,,Aggregated,4.800000,0.400000,19000,23000,25000,26000,29000,30000,30000,30000,31000,31000,31000,957,32,19000,17492.54076161042,1547.607250045985,31023.026500013657,102476.8369905956
1777308589,120,,Aggregated,4.600000,0.500000,19000,23000,25000,26000,29000,30000,30000,30000,31000,31000,31000,959,32,19000,17485.12718511797,1547.607250045985,31023.026500013657,102264.1126173097
1777308590,120,,Aggregated,4.900000,0.600000,19000,23000,25000,27000,29000,30000,30000,30000,31000,31000,31000,966,34,19000,17557.520589832446,1547.607250045985,31023.026500013657,102217.76501035197
1777308591,120,,Aggregated,4.700000,0.700000,19000,23000,25000,27000,29000,30000,30000,30000,31000,31000,31000,967,34,19000,17564.931897779858,1547.607250045985,31023.026500013657,102458.31127197518
1777308593,120,,Aggregated,4.500000,0.700000,19000,23000,25000,27000,29000,30000,30000,30000,31000,31000,31000,979,35,19000,17632.690926271855,1547.607250045985,31023.026500013657,103256.91215526046
1777308594,120,,Aggregated,4.200000,0.700000,19000,23000,25000,27000,29000,30000,30000,30000,31000,31000,31000,986,37,19000,17680.12644631779,1547.607250045985,31023.026500013657,102526.26876267749
1777308595,120,,Aggregated,4.200000,0.700000,19000,23000,25000,27000,29000,30000,30000,30000,31000,31000,31000,987,37,19000,17686.83628114013,1547.607250045985,31023.026500013657,102422.87436676798
1777308596,120,,Aggregated,5.000000,0.700000,19000,23000,25000,27000,29000,30000,30000,30000,31000,31000,31000,993,37,19000,17716.04394031773,1547.607250045985,31023.026500013657,102816.99697885197
1777308597,120,,Aggregated,5.200000,0.800000,19000,23000,25000,27000,29000,30000,30000,30000,31000,31000,31000,999,39,19000,17769.12289346312,1547.607250045985,31023.026500013657,102201.37937937937
1777308598,120,,Aggregated,5.000000,0.800000,19000,23000,25000,27000,29000,30000,30000,30000,31000,31000,31000,1003,39,19000,17785.3588089348,1547.607250045985,31023.026500013657,102129.04486540379
1777308599,120,,Aggregated,5.000000,0.800000,20000,24000,25000,27000,29000,30000,30000,30000,31000,31000,31000,1008,40,20000,17827.19056914137,1547.607250045985,31023.026500013657,101956.0367063492
1777308600,120,,Aggregated,5.100000,0.900000,20000,24000,25000,27000,29000,30000,30000,30000,31000,31000,31000,1012,41,20000,17840.011869921396,1547.607250045985,31023.026500013657,101884.84387351779
1777308601,120,,Aggregated,5.100000,0.800000,20000,24000,25000,27000,29000,30000,30000,30000,31000,31000,31000,1018,43,20000,17876.606519591885,1547.607250045985,31023.026500013657,101286.21316306484
1777308602,120,,Aggregated,5.100000,0.800000,20000,24000,25000,27000,29000,30000,30000,30000,31000,31000,31000,1021,44,20000,17899.856782797786,1547.607250045985,31023.026500013657,100989.5347698335
1777308603,120,,Aggregated,5.300000,0.900000,20000,24000,25000,27000,29000,30000,30000,30000,31000,31000,31000,1026,44,20000,17926.124034750814,1547.607250045985,31023.026500013657,101803.21052631579
1777308604,120,,Aggregated,5.400000,1.000000,20000,24000,25000,27000,29000,30000,30000,30000,31000,31000,31000,1032,46,20000,17961.618455495412,1547.607250045985,31023.026500013657,101537.15600775194
1777308605,120,,Aggregated,5.400000,1.000000,20000,24000,25000,27000,29000,30000,30000,30000,31000,31000,31000,1036,46,20000,17985.317435477067,1547.607250045985,31023.026500013657,101469.68918918919
